face_398_398_125.png,194,126,113,252,232,212
face_1002_244_27.png,203,174,98,205,188,187
face_518_313_37.png,252,215,108,252,244,203
face_45_614_154.png,252,215,62,252,237,218
face_136_245_118.png,234,198,152,252,238,220
face_606_103_17.png,230,140,66,250,206,125
face_644_214_85.png,205,158,109,251,237,219
face_169_281_83.png,242,178,177,253,254,248
face_253_189_88.png,252,229,72,253,242,194
face_202_187_148.png,251,179,45,252,238,188
face_834_535_36.png,48,40,36,243,237,218
face_381_190_135.png,236,216,131,251,212,171
face_707_447_91.png,233,166,126,253,245,217
face_94_151_36.png,226,196,179,253,244,217
face_341_110_158.png,223,181,130,253,249,227
face_549_332_44.png,240,233,162,252,253,253
face_265_208_115.png,230,188,138,241,239,226
face_1229_86_14.png,240,191,26,252,252,240
face_1035_211_99.png,239,198,140,252,231,226
face_74_249_145.png,251,150,126,252,244,238
face_227_227_159.png,253,253,200,252,252,246
face_554_385_100.png,237,214,136,251,227,192
face_316_221_59.png,121,108,80,173,154,132
face_369_461_105.png,234,161,95,250,233,200
face_174_697_94.png,252,234,111,246,237,237
face_773_436_61.png,7,8,1,246,243,206
face_73_367_126.png,230,153,46,251,224,203
face_174_859_130.png,244,238,39,250,215,177
face_841_159_48.png,252,209,75,252,237,211
face_436_379_35.png,246,210,127,253,242,213
face_199_298_40.png,246,177,93,253,249,232
face_606_72_36.png,226,198,180,253,245,218
face_124_540_136.png,249,189,94,253,250,231
face_1259_99_95.png,252,201,58,251,247,233
face_382_65_152.png,221,171,158,253,233,174
face_462_301_15.png,252,212,20,252,236,215
face_167_349_76.png,236,177,116,252,242,217
face_705_392_29.png,220,197,136,248,236,219
face_669_308_98.png,252,246,119,253,224,185
face_301_150_52.png,238,163,124,252,251,208
face_382_197_129.png,239,183,108,252,244,189
face_385_128_94.png,252,236,50,251,244,181
face_322_720_36.png,196,178,140,253,244,217
face_725_409_53.png,244,222,135,251,241,229
face_640_398_93.png,219,176,172,250,236,220
face_512_227_10.png,235,204,140,253,254,248
face_197_158_30.png,252,247,138,252,243,231
face_274_561_123.png,209,202,174,249,240,230
face_569_322_6.png,240,208,94,252,219,175
face_939_325_97.png,203,142,65,252,227,191
face_465_179_101.png,197,154,101,252,226,191
face_151_64_82.png,208,132,102,252,242,214
face_268_142_128.png,237,217,134,251,237,217
face_246_531_24.png,244,214,165,253,248,228
face_1171_91_97.png,212,155,84,249,224,196
face_150_343_19.png,242,206,103,252,229,204
face_307_125_62.png,230,194,108,238,208,169
face_711_205_86.png,238,151,9,252,248,242
face_461_237_148.png,250,194,61,252,241,209
face_643_188_140.png,234,222,121,233,230,226
face_505_433_36.png,201,182,145,253,245,219
face_1024_322_30.png,248,162,132,253,242,234
face_110_205_156.png,253,209,77,253,235,224
face_99_137_106.png,222,148,36,252,239,231
face_1034_506_99.png,228,159,155,253,242,233
face_223_503_72.png,204,173,129,253,253,239
