face_249_166_88.png,217,128,103,243,227,208
face_145_311_59.png,180,101,87,243,232,205
face_468_146_42.png,230,177,154,240,231,216
face_268_119_118.png,214,104,83,248,229,202
face_257_171_146.png,234,186,160,229,218,186
face_363_277_29.png,232,161,131,240,224,204
face_137_156_60.png,235,171,146,241,227,198
face_121_132_13.png,149,85,85,236,231,206
face_237_258_2.png,197,121,93,241,225,185
face_136_190_92.png,184,87,72,247,230,190
face_971_149_5.png,177,120,100,243,238,203
face_625_189_79.png,244,179,145,250,242,219
face_897_211_57.png,229,161,140,245,229,212
face_452_723_117.png,218,144,108,239,223,199
face_451_242_30.png,221,148,123,247,233,198
face_204_136_147.png,228,159,152,249,238,218
face_411_110_1.png,208,148,120,229,219,205
face_1139_79_11.png,188,106,88,248,236,198
face_522_130_109.png,206,132,105,240,225,197
face_614_227_106.png,225,111,110,243,230,205
face_176_143_25.png,230,150,123,241,232,198
face_346_158_133.png,230,120,105,252,252,222
face_1036_192_7.png,218,161,133,229,219,205
face_474_332_84.png,215,105,81,242,231,192
face_265_246_15.png,236,141,127,246,228,213
face_528_773_42.png,233,161,135,233,220,193
face_541_458_46.png,233,177,142,242,223,195
face_277_494_54.png,241,165,129,243,232,205
face_272_190_121.png,230,148,119,241,225,198
face_327_163_122.png,223,169,150,242,231,206
face_762_381_134.png,198,109,88,236,210,173
face_375_173_12.png,217,142,117,233,219,196
face_597_535_60.png,233,189,166,242,228,196
face_550_246_27.png,175,110,85,237,225,204
face_381_190_127.png,231,175,154,249,239,212
face_103_685_41.png,169,113,86,241,229,202
face_519_259_120.png,167,98,73,228,215,191
face_415_270_8.png,220,108,93,241,224,186
face_272_272_99.png,212,103,77,239,174,153
face_363_204_129.png,180,76,59,237,176,138
face_321_405_156.png,230,162,137,239,220,197
face_348_149_47.png,152,99,85,243,230,197
face_274_235_141.png,232,118,99,245,241,220
face_149_199_130.png,187,121,103,244,235,204
face_921_273_31.png,234,153,129,245,229,212
face_747_124_22.png,208,135,130,240,237,215
face_265_284_104.png,230,137,113,248,236,202
face_103_124_48.png,197,92,54,250,219,142
face_1022_51_66.png,233,142,132,251,241,216
face_124_124_70.png,203,101,84,240,210,161
face_171_738_34.png,231,169,141,243,227,204
face_872_190_71.png,224,154,126,239,224,205
face_608_629_89.png,238,189,155,240,237,221
face_588_246_149.png,219,131,118,247,240,212
face_566_761_121.png,177,95,72,225,212,182
face_436_170_35.png,238,135,103,249,226,181
face_145_501_128.png,173,96,85,244,221,181
face_96_662_60.png,195,107,86,242,226,201
face_68_137_50.png,218,154,126,233,220,198
face_933_696_66.png,238,146,119,249,243,208
face_394_249_89.png,236,174,161,238,237,227
face_256_348_42.png,226,159,123,240,221,195
face_300_42_98.png,217,97,75,241,193,165
face_379_208_39.png,230,178,146,243,225,208
face_415_602_95.png,228,123,99,247,229,199
face_229_99_46.png,211,124,90,239,218,185
face_284_113_97.png,228,163,136,241,225,192
face_1100_189_103.png,213,149,119,235,224,199
face_373_224_80.png,186,91,79,241,220,186
face_425_196_148.png,234,155,138,249,242,220
face_817_196_33.png,187,98,83,240,228,190
face_398_94_107.png,241,169,138,247,237,199
face_132_528_53.png,211,157,129,238,224,189
face_405_754_34.png,216,152,120,240,216,193
face_130_120_95.png,227,163,139,245,231,203
face_440_726_156.png,227,145,114,238,219,180
face_409_218_81.png,232,148,109,243,227,190
face_512_120_26.png,216,125,95,240,225,196
face_520_274_103.png,235,166,137,240,225,206
face_171_659_46.png,232,166,132,238,223,194
face_450_173_6.png,214,115,115,239,238,211
face_477_181_49.png,229,150,122,236,220,199
face_209_121_136.png,226,147,120,235,217,198
face_474_648_2.png,197,103,77,241,224,183
face_752_158_123.png,206,131,91,252,250,191
face_955_136_63.png,217,96,62,252,244,203
face_398_225_45.png,227,177,145,243,225,208
face_249_124_41.png,208,144,114,241,229,194
face_257_214_110.png,245,147,115,250,235,196
face_86_588_117.png,232,153,119,240,225,198
face_1142_166_137.png,234,180,166,241,229,205
face_270_498_26.png,238,172,132,243,233,196
face_261_130_3.png,229,137,136,249,243,219
face_110_371_77.png,231,163,134,237,222,201
face_267_68_30.png,221,165,147,243,233,219
face_1100_417_94.png,228,128,128,253,253,232
face_358_393_83.png,150,83,87,235,229,206
face_192_108_26.png,221,143,112,242,226,197
face_244_68_86.png,223,154,139,237,224,209
face_573_62_54.png,234,184,148,245,235,214
face_363_204_144.png,192,65,53,240,170,125
face_477_712_52.png,230,170,145,241,227,193
face_170_673_16.png,194,113,88,238,221,191
face_56_379_61.png,195,103,83,237,217,188
face_57_260_74.png,249,189,168,252,253,235
face_440_484_50.png,196,112,83,239,226,184
face_245_327_72.png,212,118,92,244,235,202
face_256_612_25.png,193,114,92,240,223,195
face_398_174_17.png,192,127,97,244,235,209
face_373_298_24.png,240,169,144,253,245,220
face_205_316_109.png,229,154,125,240,223,196
face_474_94_86.png,232,164,143,236,225,210
face_327_109_66.png,214,161,144,245,231,199
face_927_190_139.png,236,187,153,242,229,210
face_218_163_82.png,181,114,90,242,229,203
face_381_190_105.png,195,112,87,249,240,213
face_436_535_60.png,240,171,154,238,225,206
face_303_187_64.png,233,177,147,239,225,188
face_120_120_112.png,147,80,82,232,224,200
face_644_94_68.png,247,171,141,248,239,199
face_250_22_53.png,206,113,93,243,224,184
face_448_501_23.png,231,160,135,241,222,192
face_86_225_51.png,175,94,85,244,221,183
face_76_61_54.png,220,161,133,236,226,202
face_915_196_77.png,100,71,143,241,228,207
face_231_101_150.png,227,175,161,244,235,216
face_82_110_96.png,207,134,117,239,229,204
face_224_124_101.png,211,129,97,252,247,225
face_736_218_102.png,194,82,64,242,213,172
face_184_554_87.png,199,149,133,246,241,223
face_517_104_23.png,227,165,130,240,220,193
face_266_596_67.png,160,82,82,238,224,191
face_496_76_2.png,205,126,101,233,220,208
face_448_435_96.png,206,104,88,239,222,195
face_396_110_9.png,225,152,127,240,224,206
face_382_92_31.png,222,153,124,240,226,209
face_500_181_43.png,234,186,164,240,223,205
face_358_107_56.png,247,149,133,251,252,241
face_317_317_10.png,239,173,140,245,226,203
face_955_179_115.png,203,88,72,241,224,196
face_327_218_100.png,238,186,145,241,230,206
face_119_179_62.png,230,139,111,244,244,201
face_0_447_142.png,156,90,94,237,232,207
face_242_346_126.png,230,129,109,240,234,199
face_921_224_108.png,236,188,147,244,230,205
face_249_124_38.png,219,95,62,252,243,202
face_265_284_57.png,234,141,117,248,236,202
face_465_250_119.png,228,108,100,247,233,207
face_1258_747_115.png,203,131,102,226,211,179
face_531_113_34.png,200,124,97,244,228,208
face_481_216_159.png,33,5,57,240,218,198
